url_path,views_total,views_unique
/Davis-Fan/X-Blossom,54,7
/Davis-Fan/X-Blossom/tree/github-repo-stats,11,2
/Davis-Fan/X-Blossom/tree/github-repo-stats/Davis-Fan/X-Blossom,10,2
/Davis-Fan/X-Blossom/blob/main/main.cpp,9,3
/Davis-Fan/X-Blossom/blob/main/par_200.cpp,9,3
/Davis-Fan/X-Blossom/tree/github-repo-stats/Davis-Fan/X-Blossom/latest-report,9,2
/Davis-Fan/X-Blossom/blob/github-repo-stats/Davis-Fan/X-Blossom/latest-report/report.pdf,7,2
/Davis-Fan/X-Blossom/actions/workflows/github-repo-stats.yml,7,1
/Davis-Fan/X-Blossom/tree/main,6,2
/Davis-Fan/X-Blossom/tree/main/.github/workflows,5,2
